combo,tails,circuits,max_tail,max_circuit,circuit_lengths,tail_lengths,edge_selection
0000000000,610,1472,3,5,"[3, 4, 5]","{2: 491, 1: 118, 3: 1}",2578
0000000100,610,1018,7,18,"[3, 4, 5, 7, 11, 14, 15, 18]","{1: 233, 3: 90, 2: 261, 7: 26}",2578
0000001000,610,1022,8,11,"[3, 4, 7, 8, 9, 10, 11]","{2: 275, 3: 73, 1: 191, 7: 54, 6: 16, 8: 1}",2578
0000001100,610,568,95,182,"[3, 4, 8, 10, 21, 30, 65, 103, 182]","{1: 306, 3: 162, 19: 20, 2: 71, 7: 29, 57: 5, 16: 13, 95: 3, 20: 1}",2578
0000100000,610,1103,5,9,"[3, 4, 5, 6, 9]","{2: 402, 5: 89, 1: 118, 3: 1}",2578
0000100100,610,649,7,24,"[4, 5, 13, 14, 15, 23, 24]","{1: 233, 6: 89, 2: 261, 7: 26, 3: 1}",2578
0000101000,610,653,10,14,"[3, 4, 6, 9, 10, 11, 13, 14]","{2: 186, 10: 55, 3: 73, 1: 191, 7: 54, 5: 34, 6: 16, 8: 1}",2578
0000101100,610,199,483,4,"[3, 4]","{1: 306, 11: 55, 3: 73, 19: 20, 2: 71, 7: 29, 6: 34, 483: 3, 105: 12, 122: 3, 459: 1, 453: 1, 92: 1, 20: 1}",2578
0001000000,610,1103,3,8,"[3, 4, 5, 8]","{2: 491, 1: 118, 3: 1}",2578
0001000100,610,649,7,18,"[4, 5, 7, 8, 11, 14, 15, 18]","{1: 233, 3: 90, 2: 261, 7: 26}",2578
0001001000,610,653,18,30,"[3, 4, 9, 21, 26, 30]","{2: 275, 3: 73, 1: 191, 18: 54, 6: 16, 16: 1}",2578
0001001100,610,199,820,4,"[3, 4]","{1: 306, 3: 162, 79: 18, 2: 71, 18: 29, 16: 13, 77: 7, 817: 1, 820: 2, 76: 1}",2578
0001100000,610,734,10,19,"[3, 4, 5, 11, 19]","{2: 402, 10: 89, 1: 118, 3: 1}",2578
0001100100,610,280,11,38,"[4, 5, 15, 19, 23, 34, 38]","{1: 233, 11: 89, 2: 261, 7: 26, 3: 1}",2578
0001101000,610,349,60,63,"[3, 4, 9, 27, 56, 63]","{2: 186, 31: 10, 3: 73, 1: 191, 8: 18, 21: 18, 7: 47, 26: 16, 6: 16, 53: 8, 23: 8, 60: 7, 55: 8, 16: 3, 19: 1}",2578
0001101100,610,427,30,31,"[3, 4, 13, 31]","{1: 306, 8: 91, 3: 73, 2: 71, 21: 18, 12: 32, 30: 18, 29: 1}",2578
0010000000,610,1409,3,7,"[3, 4, 5, 7]","{2: 491, 1: 118, 3: 1}",2578
0010000100,610,955,7,18,"[3, 5, 7, 11, 14, 15, 18]","{1: 233, 3: 90, 2: 261, 7: 26}",2578
0010001000,610,959,8,11,"[3, 4, 7, 8, 9, 10, 11]","{2: 275, 3: 73, 1: 191, 7: 54, 6: 16, 8: 1}",2578
0010001100,610,505,95,182,"[3, 7, 8, 10, 21, 30, 65, 103, 182]","{1: 306, 3: 162, 19: 20, 2: 71, 7: 29, 57: 5, 16: 13, 95: 3, 20: 1}",2578
0010100000,610,1040,9,10,"[3, 4, 5, 6, 9, 10]","{2: 402, 5: 56, 1: 118, 9: 33, 3: 1}",2578
0010100100,610,586,10,28,"[5, 13, 14, 15, 23, 24, 27, 28]","{1: 233, 6: 56, 2: 261, 7: 26, 10: 33, 3: 1}",2578
0010101000,610,590,10,14,"[3, 4, 9, 10, 11, 13, 14]","{2: 186, 10: 55, 3: 73, 1: 191, 7: 54, 9: 33, 6: 16, 8: 1, 5: 1}",2578
0010101100,610,136,503,3,[3],"{1: 306, 11: 55, 3: 73, 19: 20, 2: 71, 7: 29, 10: 33, 503: 3, 105: 12, 126: 3, 483: 1, 473: 1, 96: 1, 20: 1, 6: 1}",2578
0011000000,610,1040,3,12,"[3, 4, 5, 8, 12]","{2: 491, 1: 118, 3: 1}",2578
0011000100,610,586,7,18,"[5, 7, 8, 11, 12, 14, 15, 18]","{1: 233, 3: 90, 2: 261, 7: 26}",2578
0011001000,610,590,22,34,"[3, 4, 9, 21, 25, 26, 34]","{2: 275, 3: 73, 1: 191, 22: 21, 18: 33, 6: 16, 16: 1}",2578
0011001100,610,136,865,3,[3],"{1: 306, 3: 162, 79: 10, 2: 71, 22: 21, 16: 13, 83: 8, 18: 8, 77: 7, 865: 1, 864: 1, 860: 1, 80: 1}",2578
0011100000,610,671,14,19,"[3, 4, 5, 11, 15, 19]","{2: 402, 10: 56, 1: 118, 14: 33, 3: 1}",2578
0011100100,610,217,15,42,"[5, 15, 19, 23, 34, 38, 42]","{1: 233, 11: 56, 2: 261, 7: 26, 15: 33, 3: 1}",2578
0011101000,610,286,64,67,"[3, 4, 9, 31, 56, 67]","{2: 186, 31: 10, 3: 73, 1: 191, 12: 18, 21: 18, 7: 47, 30: 15, 6: 16, 53: 8, 23: 8, 64: 7, 55: 8, 20: 3, 19: 1, 26: 1}",2578
0011101100,610,364,34,35,"[3, 13, 35]","{1: 306, 8: 73, 3: 73, 2: 71, 12: 50, 21: 18, 34: 18, 33: 1}",2578
0100000000,610,1409,3,9,"[3, 4, 5, 9]","{2: 491, 1: 118, 3: 1}",2578
0100000100,610,955,7,18,"[3, 5, 7, 9, 11, 14, 15, 18]","{1: 233, 3: 90, 2: 261, 7: 26}",2578
0100001000,610,959,8,12,"[3, 4, 7, 8, 9, 10, 11, 12]","{2: 275, 3: 73, 1: 191, 7: 54, 6: 16, 8: 1}",2578
0100001100,610,505,95,182,"[3, 8, 10, 12, 21, 30, 65, 103, 182]","{1: 306, 3: 162, 19: 20, 2: 71, 7: 29, 57: 5, 16: 13, 95: 3, 20: 1}",2578
0100100000,610,1040,5,9,"[3, 4, 5, 6, 9]","{2: 402, 5: 89, 1: 118, 3: 1}",2578
0100100100,610,586,7,24,"[5, 9, 13, 14, 15, 23, 24]","{1: 233, 6: 89, 2: 261, 7: 26, 3: 1}",2578
0100101000,610,590,14,15,"[3, 4, 6, 9, 10, 11, 13, 14, 15]","{2: 186, 14: 21, 3: 73, 1: 191, 7: 54, 10: 34, 5: 34, 6: 16, 8: 1}",2578
0100101100,610,136,503,3,[3],"{1: 306, 15: 21, 3: 73, 19: 20, 2: 71, 7: 29, 11: 34, 6: 34, 503: 1, 109: 5, 113: 7, 130: 3, 499: 2, 467: 1, 461: 1, 92: 1, 20: 1}",2578
0101000000,610,1040,3,9,"[3, 4, 8, 9]","{2: 491, 1: 118, 3: 1}",2578
0101000100,610,586,7,18,"[7, 8, 9, 11, 14, 15, 18]","{1: 233, 3: 90, 2: 261, 7: 26}",2578
0101001000,610,590,20,34,"[3, 4, 9, 21, 30, 34]","{2: 275, 3: 73, 1: 191, 18: 54, 6: 16, 20: 1}",2578
0101001100,610,136,869,3,[3],"{1: 306, 3: 162, 83: 13, 2: 71, 18: 29, 79: 5, 16: 13, 85: 7, 869: 1, 860: 2, 88: 1}",2578
0101100000,610,671,10,19,"[3, 4, 9, 11, 19]","{2: 402, 10: 89, 1: 118, 3: 1}",2578
0101100100,610,217,11,38,"[9, 15, 19, 23, 34, 38]","{1: 233, 11: 89, 2: 261, 7: 26, 3: 1}",2578
0101101000,610,286,64,67,"[3, 4, 9, 27, 60, 67]","{2: 186, 31: 10, 3: 73, 1: 191, 8: 18, 25: 18, 7: 47, 26: 16, 6: 16, 57: 8, 23: 9, 64: 7, 59: 8, 16: 3}",2578
0101101100,610,364,34,35,"[3, 13, 35]","{1: 306, 8: 91, 3: 73, 2: 71, 25: 18, 12: 32, 34: 18, 33: 1}",2578
0110000000,610,1346,3,12,"[3, 4, 5, 12]","{2: 491, 1: 118, 3: 1}",2578
0110000100,610,892,7,18,"[3, 5, 7, 11, 12, 14, 15, 18]","{1: 233, 3: 90, 2: 261, 7: 26}",2578
0110001000,610,896,8,15,"[3, 4, 7, 8, 9, 10, 11, 15]","{2: 275, 3: 73, 1: 191, 7: 54, 6: 16, 8: 1}",2578
0110001100,610,442,95,182,"[3, 8, 10, 15, 21, 30, 65, 103, 182]","{1: 306, 3: 162, 19: 20, 2: 71, 7: 29, 57: 5, 16: 13, 95: 3, 20: 1}",2578
0110100000,610,977,14,15,"[3, 4, 5, 6, 9, 15]","{2: 402, 5: 56, 1: 118, 14: 33, 3: 1}",2578
0110100100,610,523,15,33,"[5, 13, 14, 15, 23, 24, 32, 33]","{1: 233, 6: 56, 2: 261, 7: 26, 15: 33, 3: 1}",2578
0110101000,610,545,20,21,"[3, 4, 9, 10, 11, 13, 14, 21]","{2: 186, 10: 52, 3: 73, 1: 191, 7: 54, 9: 18, 20: 18, 6: 16, 8: 1, 5: 1}",2578
0110101100,610,149,306,39,"[3, 39]","{1: 306, 11: 52, 3: 73, 19: 20, 2: 71, 7: 29, 10: 18, 120: 5, 38: 15, 77: 5, 161: 3, 306: 2, 14: 3, 205: 3, 224: 1, 195: 1, 149: 1, 20: 1, 6: 1}",2578
0111000000,610,977,3,17,"[3, 4, 8, 17]","{2: 491, 1: 118, 3: 1}",2578
0111000100,610,523,7,18,"[7, 8, 11, 14, 15, 17, 18]","{1: 233, 3: 90, 2: 261, 7: 26}",2578
0111001000,610,527,75,85,"[3, 4, 9, 21, 51, 85]","{2: 275, 3: 73, 1: 191, 48: 21, 18: 33, 6: 16, 75: 1}",2578
0111001100,610,166,536,100,"[3, 26, 100]","{1: 306, 3: 162, 17: 21, 2: 71, 84: 5, 79: 5, 16: 13, 87: 5, 18: 8, 83: 5, 535: 1, 95: 3, 91: 3, 397: 1, 536: 1}",2578
0111100000,610,608,19,20,"[3, 4, 11, 19, 20]","{2: 402, 10: 56, 1: 118, 19: 33, 3: 1}",2578
0111100100,610,154,20,47,"[15, 19, 23, 34, 38, 43, 47]","{1: 233, 11: 56, 2: 261, 7: 26, 20: 33, 3: 1}",2578
0111101000,610,259,129,87,"[3, 4, 9, 87]","{2: 186, 31: 10, 3: 73, 1: 191, 12: 21, 7: 47, 21: 33, 62: 8, 6: 16, 23: 8, 129: 7, 63: 3, 86: 5, 117: 1, 26: 1}",2578
0111101100,610,409,21,22,"[3, 13, 22]","{1: 306, 8: 73, 3: 73, 2: 71, 12: 53, 21: 33, 20: 1}",2578
0000000000,795,270,234,135,"[3, 12, 32, 135]","{1: 492, 2: 144, 4: 89, 6: 26, 118: 5, 12: 18, 57: 5, 21: 8, 189: 3, 38: 3, 234: 1, 225: 1}",0356
0000000100,795,226,201,126,"[5, 7, 34, 126]","{2: 118, 1: 492, 4: 141, 99: 5, 12: 18, 54: 5, 21: 8, 159: 3, 30: 3, 201: 1, 192: 1}",0356
0000001000,795,378,416,65,"[3, 52, 65]","{1: 421, 2: 186, 4: 73, 21: 20, 8: 29, 76: 5, 5: 18, 34: 5, 10: 15, 9: 8, 63: 7, 93: 3, 328: 2, 416: 1, 19: 1, 48: 1}",0356
0000001100,795,262,111,69,"[3, 14, 16, 18, 20, 69]","{2: 160, 1: 421, 4: 73, 13: 21, 8: 30, 54: 5, 5: 18, 10: 41, 28: 5, 9: 8, 88: 3, 16: 3, 111: 1, 15: 5, 107: 1}",0356
1000000000,795,766,182,105,"[2, 3, 12, 24, 105]","{1: 492, 2: 233, 6: 26, 92: 5, 10: 18, 45: 5, 17: 8, 147: 3, 30: 3, 182: 1, 175: 1}",0356
1000000100,795,722,167,102,"[2, 5, 28, 102]","{2: 207, 1: 492, 4: 52, 83: 5, 10: 18, 44: 5, 17: 8, 133: 3, 26: 3, 167: 1, 160: 1}",0356
1000001000,795,874,320,51,"[2, 3, 42, 51]","{1: 421, 2: 259, 17: 21, 6: 29, 56: 5, 5: 18, 26: 5, 8: 15, 7: 8, 47: 7, 69: 3, 254: 2, 320: 1, 36: 1}",0356
1000001100,795,758,97,57,"[2, 3, 12, 18, 57]","{2: 233, 1: 421, 11: 26, 6: 45, 48: 5, 5: 18, 8: 26, 24: 5, 7: 8, 78: 3, 16: 3, 97: 1, 95: 1}",0356
0000000000,189,152,127,75,"[11, 13, 15, 23, 75]","{65: 5, 5: 73, 8: 54, 12: 18, 37: 5, 10: 16, 16: 8, 102: 3, 24: 3, 127: 1, 123: 1, 6: 1, 4: 1}",0136
1000000000,189,648,113,63,"[2, 9, 21, 63]","{59: 5, 3: 73, 6: 71, 12: 18, 33: 5, 14: 8, 92: 3, 24: 3, 113: 1, 111: 1, 4: 1}",0136
0000000000,4,432,715,163,"[4, 7, 10, 19, 28, 58, 94, 163]","{462: 1, 290: 1, 715: 1, 427: 1}",1278
0000000001,4,313,10,91,"[8, 9, 11, 21, 44, 91]","{10: 3, 1: 1}",1278
0000100000,4,63,3857,4,[4],"{1: 2, 1653: 1, 3857: 1}",1278
0000100001,4,432,10,30,"[9, 12, 15, 30]","{1: 3, 10: 1}",1278
0001000000,4,63,2763,4,[4],"{1515: 1, 1233: 1, 2763: 1, 1: 1}",1278
0001000001,4,431,10,27,"[9, 12, 15, 27]","{10: 2, 1: 2}",1278
0001100000,4,432,27,29,"[4, 12, 29]","{1: 3, 27: 1}",1278
0001100001,4,802,1,21,"[3, 9, 21]",{1: 4},1278
0010000000,4,369,715,163,"[4, 7, 8, 10, 19, 28, 58, 94, 163]","{462: 1, 290: 1, 715: 1, 427: 1}",1278
0010000001,4,250,10,91,"[9, 19, 21, 44, 91]","{10: 3, 1: 1}",1278
0010100000,4,0,4033,0,[],"{1: 2, 1729: 1, 4033: 1}",1278
0010100001,4,495,10,15,"[9, 12, 15]","{1: 3, 10: 1}",1278
0011000000,4,0,2867,0,[],"{1587: 1, 1309: 1, 2867: 1, 1: 1}",1278
0011000001,4,494,10,15,"[9, 12, 15]","{10: 2, 1: 2}",1278
0011100000,4,369,31,33,"[12, 33]","{1: 3, 31: 1}",1278
0011100001,4,865,1,12,"[3, 9, 12]",{1: 4},1278
0100000000,4,369,715,163,"[4, 7, 10, 11, 19, 28, 58, 94, 163]","{462: 1, 290: 1, 715: 1, 427: 1}",1278
0100000001,4,250,10,91,"[9, 19, 21, 44, 91]","{10: 3, 1: 1}",1278
0100100000,4,0,4053,0,[],"{1: 2, 1709: 1, 4053: 1}",1278
0100100001,4,495,10,18,"[9, 12, 15, 18]","{1: 3, 10: 1}",1278
0101000000,4,0,2867,0,[],"{1583: 1, 1313: 1, 2867: 1, 1: 1}",1278
0101000001,4,494,10,15,"[9, 12, 15]","{10: 2, 1: 2}",1278
0101100000,4,369,31,33,"[12, 33]","{1: 3, 31: 1}",1278
0101100001,4,865,1,12,"[3, 9, 12]",{1: 4},1278
0110000000,4,306,715,163,"[4, 7, 10, 15, 19, 28, 58, 94, 163]","{462: 1, 290: 1, 715: 1, 427: 1}",1278
0110000001,4,313,10,91,"[3, 9, 16, 21, 44, 91]","{10: 3, 1: 1}",1278
0110100000,4,62,169,423,"[36, 207, 309, 423]","{1: 2, 37: 1, 169: 1}",1278
0110100001,4,558,10,15,"[3, 9, 12, 15]","{1: 3, 10: 1}",1278
0111000000,4,62,1829,93,"[24, 93]","{898: 1, 1829: 1, 513: 1, 1: 1}",1278
0111000001,4,557,10,15,"[3, 9, 12, 15]","{10: 2, 1: 2}",1278
0111100000,4,432,19,21,"[12, 21]","{1: 3, 19: 1}",1278
0111100001,4,928,1,9,"[3, 9]",{1: 4},1278
0000000000,609,1328,2,3,[3],"{1: 305, 2: 304}",15
0000000100,609,821,4,9,"[3, 6, 9]","{4: 115, 2: 304, 1: 190}",15
0000100000,609,959,5,9,"[3, 6, 9]","{1: 305, 2: 215, 5: 89}",15
0000100100,609,977,4,6,"[3, 6]","{4: 115, 2: 304, 1: 190}",15
0000000000,190,74,538,1245,"[12, 13, 14, 266, 1245]","{9: 89, 19: 21, 8: 26, 4: 29, 58: 5, 234: 3, 20: 8, 123: 5, 538: 2, 1: 1, 13: 1}",023678
0000000010,190,34,348,204,"[12, 44, 204]","{6: 89, 8: 26, 178: 5, 4: 29, 22: 18, 90: 5, 42: 8, 280: 3, 56: 3, 348: 1, 328: 1, 1: 1, 3: 1}",023678
0000001000,190,522,204,108,"[5, 6, 41, 108]","{108: 5, 2: 73, 4: 71, 24: 26, 60: 5, 168: 3, 48: 3, 204: 2, 1: 1, 9: 1}",023678
0000001010,190,142,1480,80,"[6, 70, 80]","{50: 20, 2: 73, 4: 71, 150: 5, 60: 5, 30: 8, 140: 3, 1480: 1, 786: 1, 1: 1, 37: 1, 88: 1}",023678
0001000000,190,82,524,1209,"[12, 13, 266, 1209]","{10: 89, 8: 26, 17: 21, 4: 29, 56: 5, 220: 3, 18: 8, 121: 5, 524: 2, 1: 1, 12: 1}",023678
0001000010,190,403,264,156,"[4, 12, 32, 156]","{6: 89, 8: 26, 134: 5, 4: 29, 14: 18, 66: 5, 30: 8, 212: 3, 40: 3, 264: 1, 248: 1, 1: 1, 3: 1}",023678
0001001000,190,512,143,342,"[5, 6, 12, 19, 54, 120, 342]","{18: 22, 2: 73, 9: 18, 7: 29, 52: 5, 27: 11, 4: 16, 34: 3, 29: 5, 36: 5, 143: 2, 1: 1}",023678
0001001010,190,142,218,522,"[6, 10, 26, 84, 180, 522]","{28: 21, 2: 73, 14: 18, 12: 29, 82: 5, 42: 11, 4: 16, 54: 3, 44: 5, 56: 5, 218: 2, 1: 1, 9: 1}",023678
0010000000,190,104,417,930,"[12, 13, 14, 26, 27, 214, 930]","{9: 56, 19: 21, 8: 26, 4: 29, 17: 33, 24: 5, 191: 3, 12: 8, 107: 5, 417: 2, 1: 1, 13: 1}",023678
0010000010,190,20,610,1398,"[12, 314, 1398]","{6: 89, 8: 26, 36: 21, 4: 29, 68: 5, 256: 3, 28: 8, 144: 5, 610: 2, 1: 1, 3: 1}",023678
0010001000,190,585,189,108,"[5, 6, 36, 108]","{98: 5, 2: 73, 4: 71, 19: 18, 55: 5, 24: 8, 153: 3, 38: 3, 189: 1, 184: 1, 1: 1, 9: 1}",023678
0010001010,190,148,360,684,"[6, 104, 106, 226, 684]","{154: 3, 2: 73, 4: 71, 34: 18, 70: 12, 132: 5, 68: 3, 360: 2, 1: 1, 72: 1, 37: 1}",023678
0011000000,190,145,482,1125,"[7, 12, 13, 252, 1125]","{10: 89, 8: 26, 17: 21, 4: 29, 42: 5, 199: 3, 11: 8, 107: 5, 482: 2, 1: 1, 12: 1}",023678
0011000010,190,389,462,1062,"[4, 12, 238, 1062]","{6: 89, 8: 26, 24: 21, 4: 29, 52: 5, 192: 3, 20: 8, 108: 5, 462: 2, 1: 1, 3: 1}",023678
0011001000,190,575,143,342,"[5, 6, 7, 19, 54, 120, 342]","{18: 22, 2: 73, 9: 18, 7: 29, 52: 5, 27: 11, 4: 16, 34: 3, 29: 5, 36: 5, 143: 2, 1: 1}",023678
0011001010,190,205,218,522,"[6, 10, 12, 14, 84, 180, 522]","{28: 21, 2: 73, 14: 18, 12: 29, 82: 5, 42: 11, 4: 16, 54: 3, 44: 5, 56: 5, 218: 2, 1: 1, 9: 1}",023678
0100000000,190,88,287,153,"[12, 13, 14, 60, 153]","{9: 89, 146: 5, 8: 26, 20: 18, 4: 29, 71: 5, 19: 8, 235: 3, 58: 3, 286: 1, 287: 1, 1: 1, 13: 1}",023678
0100000010,190,97,332,192,"[4, 12, 44, 192]","{6: 89, 8: 26, 170: 5, 4: 29, 22: 18, 86: 5, 38: 8, 268: 3, 56: 3, 332: 1, 316: 1, 1: 1, 3: 1}",023678
0100001000,190,508,377,828,"[5, 6, 170, 828]","{19: 21, 2: 73, 4: 71, 58: 5, 178: 3, 29: 8, 101: 5, 377: 2, 1: 1, 9: 1}",023678
0100001010,190,138,580,1302,"[6, 274, 1302]","{34: 21, 2: 73, 4: 71, 60: 5, 276: 3, 30: 8, 146: 5, 580: 2, 1: 1, 23: 1}",023678
0101000000,190,96,285,153,"[12, 13, 48, 153]","{10: 89, 8: 26, 144: 5, 4: 29, 18: 18, 69: 5, 17: 8, 233: 3, 56: 3, 284: 1, 285: 1, 1: 1, 12: 1}",023678
0101000010,190,466,248,144,"[4, 12, 32, 144]","{6: 89, 8: 26, 126: 5, 4: 29, 14: 18, 62: 5, 26: 8, 200: 3, 40: 3, 248: 1, 236: 1, 1: 1, 3: 1}",023678
0101001000,190,449,143,342,"[5, 6, 31, 54, 120, 342]","{18: 21, 2: 73, 9: 18, 7: 29, 52: 5, 27: 11, 4: 16, 34: 3, 29: 5, 36: 5, 143: 2, 1: 1, 30: 1}",023678
0101001010,190,79,218,522,"[6, 36, 84, 180, 522]","{28: 21, 2: 73, 14: 18, 12: 29, 82: 5, 42: 11, 4: 16, 54: 3, 44: 5, 56: 5, 218: 2, 1: 1, 35: 1}",023678
0110000000,190,73,632,318,"[12, 13, 14, 318]","{9: 56, 16: 18, 8: 26, 20: 18, 4: 29, 24: 5, 60: 5, 64: 8, 171: 5, 12: 8, 232: 3, 632: 1, 45: 3, 432: 1, 153: 2, 1: 1, 13: 1}",023678
0110000010,190,83,586,1338,"[4, 12, 298, 1338]","{6: 89, 8: 26, 32: 21, 4: 29, 68: 5, 248: 3, 28: 8, 140: 5, 586: 2, 1: 1, 3: 1}",023678
0110001000,190,571,347,768,"[5, 6, 160, 768]","{19: 21, 2: 73, 4: 71, 48: 5, 163: 3, 24: 8, 91: 5, 347: 2, 1: 1, 9: 1}",023678
0110001010,190,136,641,6,[6],"{34: 21, 2: 73, 4: 71, 582: 1, 76: 5, 126: 8, 62: 3, 420: 3, 364: 2, 641: 1, 1: 1, 72: 1}",023678
0111000000,190,82,524,1230,"[12, 13, 280, 1230]","{10: 89, 8: 26, 24: 21, 4: 29, 42: 5, 213: 3, 11: 8, 114: 5, 524: 2, 1: 1, 12: 1}",023678
0111000010,190,452,438,1002,"[4, 12, 222, 1002]","{6: 89, 8: 26, 20: 29, 4: 29, 52: 5, 184: 3, 104: 5, 438: 2, 1: 1, 3: 1}",023678
0111001000,190,512,143,342,"[5, 6, 26, 54, 120, 342]","{18: 21, 2: 73, 9: 18, 7: 29, 52: 5, 27: 11, 4: 16, 34: 3, 29: 5, 36: 5, 143: 2, 1: 1, 25: 1}",023678
0111001010,190,142,218,522,"[6, 14, 22, 84, 180, 522]","{28: 21, 2: 73, 14: 18, 12: 29, 82: 5, 42: 11, 4: 16, 54: 3, 44: 5, 56: 5, 218: 2, 1: 1, 21: 1}",023678
0200000000,190,72,636,14,"[12, 13, 14]","{9: 89, 19: 21, 8: 26, 4: 29, 561: 1, 46: 5, 110: 8, 40: 3, 411: 3, 324: 2, 636: 1, 1: 1, 59: 1}",023678
0200000010,190,97,332,192,"[4, 12, 44, 192]","{6: 89, 8: 26, 170: 5, 4: 29, 22: 18, 86: 5, 38: 8, 268: 3, 56: 3, 332: 1, 316: 1, 1: 1, 3: 1}",023678
0200001000,190,508,377,843,"[5, 6, 180, 843]","{24: 29, 2: 73, 4: 71, 48: 5, 173: 3, 96: 5, 377: 2, 1: 1, 9: 1}",023678
0200001010,190,205,1384,80,"[4, 6, 70, 80]","{50: 20, 2: 73, 4: 71, 138: 5, 60: 5, 30: 8, 128: 3, 1384: 1, 734: 1, 1: 1, 37: 1, 80: 1}",023678
0201000000,190,19,1364,292,"[12, 292]","{10: 89, 8: 26, 17: 21, 4: 29, 82: 5, 259: 3, 31: 8, 147: 5, 602: 2, 1: 1, 1364: 1}",023678
0201000010,190,466,248,144,"[4, 12, 32, 144]","{6: 89, 8: 26, 126: 5, 4: 29, 14: 18, 62: 5, 26: 8, 200: 3, 40: 3, 248: 1, 236: 1, 1: 1, 3: 1}",023678
0201001000,190,449,143,342,"[5, 6, 31, 54, 120, 342]","{18: 21, 2: 73, 9: 18, 7: 29, 52: 5, 27: 11, 4: 16, 34: 3, 29: 5, 36: 5, 143: 2, 1: 1, 30: 1}",023678
0201001010,190,205,218,522,"[4, 6, 10, 22, 84, 180, 522]","{28: 21, 2: 73, 14: 18, 12: 29, 82: 5, 42: 11, 4: 16, 54: 3, 44: 5, 56: 5, 218: 2, 1: 1, 9: 1}",023678
0210000000,190,73,925,294,"[12, 13, 14, 294]","{9: 56, 19: 21, 8: 26, 4: 29, 65: 5, 25: 18, 24: 5, 30: 5, 91: 8, 12: 8, 40: 4, 458: 1, 925: 1, 479: 2, 1: 1}",023678
0210000010,190,34,344,192,"[12, 48, 192]","{6: 89, 8: 26, 178: 5, 4: 29, 26: 18, 90: 5, 38: 8, 280: 3, 64: 3, 344: 1, 332: 1, 1: 1, 3: 1}",023678
0210001000,190,571,347,783,"[5, 6, 170, 783]","{24: 21, 2: 73, 4: 71, 38: 5, 158: 3, 19: 8, 86: 5, 347: 2, 1: 1, 9: 1}",023678
0210001010,190,142,1408,88,"[6, 74, 88]","{54: 20, 2: 73, 4: 71, 142: 5, 68: 5, 34: 8, 128: 3, 1408: 1, 746: 1, 1: 1, 37: 1, 80: 1}",023678
0211000000,190,82,482,1125,"[12, 20, 252, 1125]","{10: 89, 8: 26, 17: 21, 4: 29, 42: 5, 199: 3, 11: 8, 107: 5, 482: 2, 1: 1, 19: 1}",023678
0211000010,190,403,260,144,"[4, 12, 36, 144]","{6: 89, 8: 26, 134: 5, 4: 29, 18: 18, 66: 5, 26: 8, 212: 3, 48: 3, 260: 1, 252: 1, 1: 1, 3: 1}",023678
0211001000,190,512,143,342,"[5, 6, 26, 54, 120, 342]","{18: 21, 2: 73, 9: 18, 7: 29, 52: 5, 27: 11, 4: 16, 34: 3, 29: 5, 36: 5, 143: 2, 1: 1, 25: 1}",023678
0211001010,190,142,218,522,"[6, 10, 26, 84, 180, 522]","{28: 21, 2: 73, 14: 18, 12: 29, 82: 5, 42: 11, 4: 16, 54: 3, 44: 5, 56: 5, 218: 2, 1: 1, 9: 1}",023678
0300000000,190,84,304,627,"[12, 13, 14, 115, 116, 187, 627]","{9: 89, 129: 3, 8: 26, 20: 18, 4: 29, 59: 13, 95: 5, 58: 3, 304: 2, 1: 1, 24: 1}",023678
0300000010,190,160,316,180,"[4, 12, 44, 180]","{6: 89, 8: 26, 162: 5, 4: 29, 22: 18, 82: 5, 34: 8, 256: 3, 56: 3, 316: 1, 304: 1, 1: 1, 3: 1}",023678
0300001000,190,571,347,768,"[5, 6, 160, 768]","{19: 21, 2: 73, 4: 71, 48: 5, 163: 3, 24: 8, 91: 5, 347: 2, 1: 1, 9: 1}",023678
0300001010,190,201,548,1230,"[4, 6, 262, 1230]","{34: 21, 2: 73, 4: 71, 60: 5, 256: 3, 30: 8, 138: 5, 548: 2, 1: 1, 19: 1}",023678
0301000000,190,33,336,192,"[12, 48, 192]","{10: 89, 8: 26, 170: 5, 4: 29, 18: 18, 82: 5, 30: 8, 272: 3, 56: 3, 336: 1, 324: 1, 1: 1, 191: 1}",023678
0301000010,190,529,232,132,"[4, 12, 32, 132]","{6: 89, 8: 26, 118: 5, 4: 29, 14: 18, 58: 5, 22: 8, 188: 3, 40: 3, 232: 1, 224: 1, 1: 1, 3: 1}",023678
0301001000,190,512,143,342,"[5, 6, 26, 54, 120, 342]","{18: 21, 2: 73, 9: 18, 7: 29, 52: 5, 27: 11, 4: 16, 34: 3, 29: 5, 36: 5, 143: 2, 1: 1, 25: 1}",023678
0301001010,190,142,218,522,"[4, 6, 32, 84, 180, 522]","{28: 21, 2: 73, 14: 18, 12: 29, 82: 5, 42: 11, 4: 16, 54: 3, 44: 5, 56: 5, 218: 2, 1: 1, 31: 1}",023678
0310000000,190,78,1217,36,"[12, 13, 14, 36]","{9: 56, 24: 26, 8: 26, 20: 18, 4: 29, 65: 10, 56: 8, 12: 8, 194: 3, 1217: 1, 94: 2, 563: 1, 1: 1, 119: 1}",023678
0310000010,190,97,328,180,"[4, 12, 48, 180]","{6: 89, 8: 26, 170: 5, 4: 29, 26: 18, 86: 5, 34: 8, 268: 3, 64: 3, 328: 1, 320: 1, 1: 1, 3: 1}",023678
0310001000,190,634,317,708,"[5, 6, 150, 708]","{19: 29, 2: 73, 4: 71, 38: 5, 148: 3, 81: 5, 317: 2, 1: 1, 9: 1}",023678
0310001010,190,138,572,1278,"[6, 270, 1278]","{34: 29, 2: 73, 4: 71, 68: 5, 268: 3, 146: 5, 572: 2, 1: 1, 19: 1}",023678
0311000000,190,19,1424,332,"[12, 332]","{10: 89, 8: 26, 37: 21, 4: 29, 42: 5, 239: 3, 11: 8, 127: 5, 602: 2, 1: 1, 1424: 1}",023678
0311000010,190,466,244,132,"[4, 12, 36, 132]","{6: 89, 8: 26, 126: 5, 4: 29, 18: 18, 62: 5, 22: 8, 200: 3, 48: 3, 244: 1, 240: 1, 1: 1, 3: 1}",023678
0311001000,190,575,143,342,"[5, 6, 21, 54, 120, 342]","{18: 21, 2: 73, 9: 18, 7: 29, 52: 5, 27: 11, 4: 16, 34: 3, 29: 5, 36: 5, 143: 2, 1: 1, 20: 1}",023678
0311001010,190,79,218,522,"[6, 36, 84, 180, 522]","{28: 21, 2: 73, 14: 18, 12: 29, 82: 5, 42: 11, 4: 16, 54: 3, 44: 5, 56: 5, 218: 2, 1: 1, 35: 1}",023678
0400000000,190,78,1358,88,"[12, 13, 14, 62, 88]","{9: 89, 32: 20, 8: 26, 137: 5, 4: 29, 58: 5, 20: 8, 110: 3, 1358: 1, 711: 1, 1: 1, 24: 1, 66: 1}",023678
0400000010,190,97,316,180,"[8, 12, 44, 180]","{6: 89, 8: 26, 162: 5, 4: 29, 22: 18, 82: 5, 34: 8, 256: 3, 56: 3, 316: 1, 304: 1, 1: 1, 3: 1}",023678
0400001000,190,585,189,93,"[5, 6, 41, 93]","{98: 5, 2: 73, 4: 71, 24: 18, 55: 5, 19: 8, 153: 3, 48: 3, 184: 1, 189: 1, 1: 1, 9: 1}",023678
0400001010,190,138,572,1290,"[6, 278, 1290]","{38: 21, 2: 73, 4: 71, 60: 5, 264: 3, 30: 8, 142: 5, 572: 2, 1: 1, 19: 1}",023678
0401000000,190,19,1403,318,"[12, 318]","{10: 89, 8: 26, 30: 21, 4: 29, 56: 5, 246: 3, 18: 8, 134: 5, 602: 2, 1: 1, 1403: 1}",023678
0401000010,190,466,232,132,"[4, 8, 12, 32, 132]","{6: 89, 8: 26, 118: 5, 4: 29, 14: 18, 58: 5, 22: 8, 188: 3, 40: 3, 232: 1, 224: 1, 1: 1, 3: 1}",023678
0401001000,190,575,143,342,"[5, 6, 12, 14, 54, 120, 342]","{18: 21, 2: 73, 9: 18, 7: 29, 52: 5, 27: 11, 4: 16, 34: 3, 29: 5, 36: 5, 143: 2, 1: 1, 13: 1}",023678
0401001010,190,79,218,522,"[6, 36, 84, 180, 522]","{28: 21, 2: 73, 14: 18, 12: 29, 82: 5, 42: 11, 4: 16, 54: 3, 44: 5, 56: 5, 218: 2, 1: 1, 35: 1}",023678
0410000000,190,108,1200,36,"[12, 13, 14, 26, 27, 36]","{9: 56, 24: 26, 8: 26, 110: 8, 4: 29, 17: 33, 12: 8, 1200: 1, 632: 1, 1: 1, 66: 1}",023678
0410000010,190,34,340,180,"[12, 52, 180]","{6: 89, 8: 26, 178: 5, 4: 29, 30: 18, 90: 5, 34: 8, 280: 3, 72: 3, 340: 1, 336: 1, 1: 1, 3: 1}",023678
0410001000,190,648,169,93,"[5, 6, 36, 93]","{88: 5, 2: 73, 4: 71, 19: 26, 50: 5, 138: 3, 38: 3, 169: 2, 1: 1, 9: 1}",023678
0410001010,190,152,304,168,"[6, 66, 168]","{158: 5, 2: 73, 4: 71, 34: 26, 90: 5, 248: 3, 68: 3, 304: 2, 1: 1, 19: 1}",023678
0411000000,190,82,1319,304,"[7, 12, 304]","{10: 89, 8: 26, 30: 21, 4: 29, 42: 5, 225: 3, 11: 8, 120: 5, 560: 2, 1: 1, 1319: 1}",023678
0411000010,190,403,256,132,"[4, 12, 40, 132]","{6: 89, 8: 26, 134: 5, 4: 29, 22: 26, 66: 5, 212: 3, 56: 3, 256: 2, 1: 1, 3: 1}",023678
0411001000,190,638,143,342,"[5, 6, 7, 14, 54, 120, 342]","{18: 21, 2: 73, 9: 18, 7: 29, 52: 5, 27: 11, 4: 16, 34: 3, 29: 5, 36: 5, 143: 2, 1: 1, 13: 1}",023678
0411001010,190,142,218,522,"[6, 12, 24, 84, 180, 522]","{28: 21, 2: 73, 14: 18, 12: 29, 82: 5, 42: 11, 4: 16, 54: 3, 44: 5, 56: 5, 218: 2, 1: 1, 23: 1}",023678
1000000000,190,34,354,210,"[12, 42, 210]","{4: 118, 8: 26, 182: 5, 24: 18, 94: 5, 48: 8, 284: 3, 56: 3, 354: 1, 330: 1, 1: 1, 5: 1}",023678
1000000010,190,530,296,174,"[2, 12, 36, 174]","{4: 118, 8: 26, 152: 5, 20: 18, 78: 5, 38: 8, 238: 3, 48: 3, 296: 1, 278: 1, 1: 1, 3: 1}",023678
1000001000,190,142,1508,78,"[6, 72, 78]","{50: 20, 2: 73, 4: 71, 148: 5, 56: 5, 28: 8, 142: 3, 1508: 1, 800: 1, 1: 1, 41: 1, 90: 1}",023678
1000001010,190,638,1222,66,"[2, 6, 60, 66]","{42: 20, 2: 73, 4: 71, 120: 5, 48: 5, 24: 8, 114: 3, 1222: 1, 648: 1, 1: 1, 33: 1, 72: 1}",023678
1001000000,190,403,228,138,"[6, 12, 24, 138]","{4: 118, 8: 26, 116: 5, 12: 18, 58: 5, 30: 8, 182: 3, 32: 3, 228: 1, 210: 1, 1: 1, 5: 1}",023678
1001000010,190,899,212,126,"[2, 4, 12, 24, 126]","{4: 118, 8: 26, 108: 5, 12: 18, 54: 5, 26: 8, 170: 3, 32: 3, 212: 1, 198: 1, 1: 1, 3: 1}",023678
1001001000,190,142,218,522,"[6, 12, 24, 84, 180, 522]","{28: 21, 2: 73, 14: 18, 12: 29, 82: 5, 42: 11, 4: 16, 54: 3, 44: 5, 56: 5, 218: 2, 1: 1, 11: 1}",023678
1001001010,190,638,188,450,"[2, 6, 10, 20, 72, 156, 450]","{24: 21, 2: 73, 12: 18, 10: 29, 70: 5, 36: 11, 4: 16, 46: 3, 38: 5, 48: 5, 188: 2, 1: 1, 9: 1}",023678
1010000000,190,20,614,1404,"[12, 318, 1404]","{4: 118, 8: 26, 42: 21, 68: 5, 258: 3, 30: 8, 146: 5, 614: 2, 1: 1, 5: 1}",023678
1010000010,190,516,516,1182,"[2, 12, 268, 1182]","{4: 118, 8: 26, 34: 21, 56: 5, 216: 3, 24: 8, 122: 5, 516: 2, 1: 1, 3: 1}",023678
1010001000,190,148,368,702,"[6, 102, 234, 702]","{156: 3, 2: 73, 4: 71, 34: 18, 68: 16, 134: 5, 368: 2, 1: 1, 41: 1}",023678
1010001010,190,644,302,576,"[2, 6, 84, 192, 576]","{128: 3, 2: 73, 4: 71, 28: 18, 56: 16, 110: 5, 302: 2, 1: 1, 33: 1}",023678
1011000000,190,389,392,900,"[6, 12, 204, 900]","{4: 118, 8: 26, 24: 21, 44: 5, 162: 3, 18: 8, 92: 5, 392: 2, 1: 1, 5: 1}",023678
1011000010,190,885,368,846,"[2, 4, 12, 192, 846]","{4: 118, 8: 26, 22: 21, 40: 5, 152: 3, 16: 8, 86: 5, 368: 2, 1: 1, 3: 1}",023678
1011001000,190,205,218,522,"[6, 12, 84, 180, 522]","{28: 21, 2: 73, 14: 18, 12: 29, 82: 5, 42: 11, 4: 16, 54: 3, 44: 5, 56: 5, 218: 2, 1: 1, 11: 1}",023678
1011001010,190,701,188,450,"[2, 6, 10, 72, 156, 450]","{24: 21, 2: 73, 12: 18, 10: 29, 70: 5, 36: 11, 4: 16, 46: 3, 38: 5, 48: 5, 188: 2, 1: 1, 9: 1}",023678
1100000000,190,97,330,192,"[6, 12, 42, 192]","{4: 118, 8: 26, 170: 5, 24: 18, 88: 5, 42: 8, 266: 3, 56: 3, 330: 1, 312: 1, 1: 1, 5: 1}",023678
1100000010,190,593,280,162,"[2, 4, 12, 36, 162]","{4: 118, 8: 26, 144: 5, 20: 18, 74: 5, 34: 8, 226: 3, 48: 3, 280: 1, 266: 1, 1: 1, 3: 1}",023678
1100001000,190,138,584,1314,"[6, 276, 1314]","{34: 21, 2: 73, 4: 71, 56: 5, 280: 3, 28: 8, 146: 5, 584: 2, 1: 1, 25: 1}",023678
1100001010,190,634,478,1074,"[2, 6, 226, 1074]","{28: 21, 2: 73, 4: 71, 48: 5, 228: 3, 24: 8, 120: 5, 478: 2, 1: 1, 19: 1}",023678
1101000000,190,466,204,120,"[6, 12, 24, 120]","{4: 118, 8: 26, 104: 5, 12: 18, 52: 5, 24: 8, 164: 3, 32: 3, 204: 1, 192: 1, 1: 1, 5: 1}",023678
1101000010,190,962,196,114,"[2, 4, 12, 24, 114]","{4: 118, 8: 26, 100: 5, 12: 18, 50: 5, 22: 8, 158: 3, 32: 3, 196: 1, 186: 1, 1: 1, 3: 1}",023678
1101001000,190,79,218,522,"[6, 36, 84, 180, 522]","{28: 21, 2: 73, 14: 18, 12: 29, 82: 5, 42: 11, 4: 16, 54: 3, 44: 5, 56: 5, 218: 2, 1: 1, 35: 1}",023678
1101001010,190,575,188,450,"[2, 6, 30, 72, 156, 450]","{24: 21, 2: 73, 12: 18, 10: 29, 70: 5, 36: 11, 4: 16, 46: 3, 38: 5, 48: 5, 188: 2, 1: 1, 29: 1}",023678
1110000000,190,83,578,1314,"[6, 12, 294, 1314]","{4: 118, 8: 26, 36: 21, 68: 5, 246: 3, 30: 8, 140: 5, 578: 2, 1: 1, 5: 1}",023678
1110000010,190,579,492,1122,"[2, 4, 12, 252, 1122]","{4: 118, 8: 26, 30: 21, 56: 5, 208: 3, 24: 8, 118: 5, 492: 2, 1: 1, 3: 1}",023678
1110001000,190,136,637,6,[6],"{34: 21, 2: 73, 4: 71, 584: 1, 78: 5, 124: 8, 66: 3, 416: 3, 370: 2, 637: 1, 1: 1, 68: 1}",023678
1110001010,190,632,523,6,"[2, 6]","{28: 21, 2: 73, 4: 71, 480: 1, 64: 5, 102: 8, 54: 3, 342: 3, 304: 2, 523: 1, 1: 1, 56: 1}",023678
1111000000,190,452,356,810,"[6, 12, 180, 810]","{4: 118, 8: 26, 18: 29, 44: 5, 150: 3, 86: 5, 356: 2, 1: 1, 5: 1}",023678
1111000010,190,948,344,786,"[2, 4, 12, 176, 786]","{4: 118, 8: 26, 18: 21, 40: 5, 144: 3, 16: 8, 82: 5, 344: 2, 1: 1, 3: 1}",023678
1111001000,190,142,218,522,"[6, 12, 24, 84, 180, 522]","{28: 21, 2: 73, 14: 18, 12: 29, 82: 5, 42: 11, 4: 16, 54: 3, 44: 5, 56: 5, 218: 2, 1: 1, 23: 1}",023678
1111001010,190,638,188,450,"[2, 6, 10, 20, 72, 156, 450]","{24: 21, 2: 73, 12: 18, 10: 29, 70: 5, 36: 11, 4: 16, 46: 3, 38: 5, 48: 5, 188: 2, 1: 1, 19: 1}",023678
1200000000,190,97,330,192,"[6, 12, 42, 192]","{4: 118, 8: 26, 170: 5, 24: 18, 88: 5, 42: 8, 266: 3, 56: 3, 330: 1, 312: 1, 1: 1, 5: 1}",023678
1200000010,190,593,280,162,"[2, 4, 12, 36, 162]","{4: 118, 8: 26, 144: 5, 20: 18, 74: 5, 34: 8, 226: 3, 48: 3, 280: 1, 266: 1, 1: 1, 3: 1}",023678
1200001000,190,205,1364,78,"[6, 72, 78]","{50: 20, 2: 73, 4: 71, 130: 5, 56: 5, 28: 8, 124: 3, 1364: 1, 722: 1, 1: 1, 41: 1, 78: 1}",023678
1200001010,190,701,1126,66,"[2, 4, 6, 60, 66]","{42: 20, 2: 73, 4: 71, 108: 5, 48: 5, 24: 8, 102: 3, 1126: 1, 596: 1, 1: 1, 33: 1, 64: 1}",023678
1201000000,190,466,204,120,"[6, 12, 24, 120]","{4: 118, 8: 26, 104: 5, 12: 18, 52: 5, 24: 8, 164: 3, 32: 3, 204: 1, 192: 1, 1: 1, 5: 1}",023678
1201000010,190,962,196,114,"[2, 4, 12, 24, 114]","{4: 118, 8: 26, 100: 5, 12: 18, 50: 5, 22: 8, 158: 3, 32: 3, 196: 1, 186: 1, 1: 1, 3: 1}",023678
1201001000,190,205,218,522,"[6, 12, 18, 84, 180, 522]","{28: 21, 2: 73, 14: 18, 12: 29, 82: 5, 42: 11, 4: 16, 54: 3, 44: 5, 56: 5, 218: 2, 1: 1, 11: 1}",023678
1201001010,190,701,188,450,"[2, 4, 6, 10, 16, 72, 156, 450]","{24: 21, 2: 73, 12: 18, 10: 29, 70: 5, 36: 11, 4: 16, 46: 3, 38: 5, 48: 5, 188: 2, 1: 1, 9: 1}",023678
1210000000,190,34,348,192,"[12, 48, 192]","{4: 118, 8: 26, 182: 5, 30: 18, 94: 5, 42: 8, 284: 3, 68: 3, 348: 1, 336: 1, 1: 1, 5: 1}",023678
1210000010,190,530,292,162,"[2, 12, 40, 162]","{4: 118, 8: 26, 152: 5, 24: 18, 78: 5, 34: 8, 238: 3, 56: 3, 292: 1, 282: 1, 1: 1, 3: 1}",023678
1210001000,190,142,1400,90,"[6, 78, 90]","{56: 20, 2: 73, 4: 71, 136: 5, 68: 5, 34: 8, 124: 3, 1400: 1, 740: 1, 1: 1, 41: 1, 78: 1}",023678
1210001010,190,638,1150,74,"[2, 6, 64, 74]","{46: 20, 2: 73, 4: 71, 112: 5, 56: 5, 28: 8, 102: 3, 1150: 1, 608: 1, 1: 1, 33: 1, 64: 1}",023678
1211000000,190,403,222,120,"[6, 12, 30, 120]","{4: 118, 8: 26, 116: 5, 18: 18, 58: 5, 24: 8, 182: 3, 44: 3, 222: 1, 216: 1, 1: 1, 5: 1}",023678
1211000010,190,899,208,114,"[2, 4, 12, 28, 114]","{4: 118, 8: 26, 108: 5, 16: 18, 54: 5, 22: 8, 170: 3, 40: 3, 208: 1, 202: 1, 1: 1, 3: 1}",023678
1211001000,190,142,218,522,"[6, 12, 24, 84, 180, 522]","{28: 21, 2: 73, 14: 18, 12: 29, 82: 5, 42: 11, 4: 16, 54: 3, 44: 5, 56: 5, 218: 2, 1: 1, 11: 1}",023678
1211001010,190,638,188,450,"[2, 6, 10, 20, 72, 156, 450]","{24: 21, 2: 73, 12: 18, 10: 29, 70: 5, 36: 11, 4: 16, 46: 3, 38: 5, 48: 5, 188: 2, 1: 1, 9: 1}",023678
1300000000,190,160,306,174,"[6, 12, 42, 174]","{4: 118, 8: 26, 158: 5, 24: 18, 82: 5, 36: 8, 248: 3, 56: 3, 306: 1, 294: 1, 1: 1, 5: 1}",023678
1300000010,190,656,264,150,"[2, 4, 12, 36, 150]","{4: 118, 8: 26, 136: 5, 20: 18, 70: 5, 30: 8, 214: 3, 48: 3, 264: 1, 254: 1, 1: 1, 3: 1}",023678
1300001000,190,201,536,1206,"[6, 258, 1206]","{34: 21, 2: 73, 4: 71, 56: 5, 250: 3, 28: 8, 134: 5, 536: 2, 1: 1, 19: 1}",023678
1300001010,190,697,446,1002,"[2, 4, 6, 214, 1002]","{28: 21, 2: 73, 4: 71, 48: 5, 208: 3, 24: 8, 112: 5, 446: 2, 1: 1, 15: 1}",023678
1301000000,190,529,180,102,"[6, 12, 24, 102]","{4: 118, 8: 26, 92: 5, 12: 18, 46: 5, 18: 8, 146: 3, 32: 3, 180: 1, 174: 1, 1: 1, 5: 1}",023678
1301000010,190,1025,180,102,"[2, 4, 12, 24, 102]","{4: 118, 8: 26, 92: 5, 12: 18, 46: 5, 18: 8, 146: 3, 32: 3, 180: 1, 174: 1, 1: 1, 3: 1}",023678
1301001000,190,142,218,522,"[6, 30, 84, 180, 522]","{28: 21, 2: 73, 14: 18, 12: 29, 82: 5, 42: 11, 4: 16, 54: 3, 44: 5, 56: 5, 218: 2, 1: 1, 29: 1}",023678
1301001010,190,638,188,450,"[2, 4, 6, 26, 72, 156, 450]","{24: 21, 2: 73, 12: 18, 10: 29, 70: 5, 36: 11, 4: 16, 46: 3, 38: 5, 48: 5, 188: 2, 1: 1, 25: 1}",023678
1310000000,190,97,324,174,"[6, 12, 48, 174]","{4: 118, 8: 26, 170: 5, 30: 18, 88: 5, 36: 8, 266: 3, 68: 3, 324: 1, 318: 1, 1: 1, 5: 1}",023678
1310000010,190,593,276,150,"[2, 4, 12, 40, 150]","{4: 118, 8: 26, 144: 5, 24: 18, 74: 5, 30: 8, 226: 3, 56: 3, 276: 1, 270: 1, 1: 1, 3: 1}",023678
1310001000,190,138,572,1278,"[6, 270, 1278]","{34: 29, 2: 73, 4: 71, 68: 5, 268: 3, 146: 5, 572: 2, 1: 1, 19: 1}",023678
1310001010,190,634,470,1050,"[2, 6, 222, 1050]","{28: 29, 2: 73, 4: 71, 56: 5, 220: 3, 120: 5, 470: 2, 1: 1, 15: 1}",023678
1311000000,190,466,198,102,"[6, 12, 30, 102]","{4: 118, 8: 26, 104: 5, 18: 26, 52: 5, 164: 3, 44: 3, 198: 2, 1: 1, 5: 1}",023678
1311000010,190,962,192,102,"[2, 4, 12, 28, 102]","{4: 118, 8: 26, 100: 5, 16: 18, 50: 5, 18: 8, 158: 3, 40: 3, 192: 1, 190: 1, 1: 1, 3: 1}",023678
1311001000,190,79,218,522,"[6, 36, 84, 180, 522]","{28: 21, 2: 73, 14: 18, 12: 29, 82: 5, 42: 11, 4: 16, 54: 3, 44: 5, 56: 5, 218: 2, 1: 1, 35: 1}",023678
1311001010,190,575,188,450,"[2, 6, 30, 72, 156, 450]","{24: 21, 2: 73, 12: 18, 10: 29, 70: 5, 36: 11, 4: 16, 46: 3, 38: 5, 48: 5, 188: 2, 1: 1, 29: 1}",023678
1400000000,190,97,306,174,"[12, 42, 174]","{4: 118, 8: 26, 158: 5, 24: 18, 82: 5, 36: 8, 248: 3, 56: 3, 306: 1, 294: 1, 1: 1, 5: 1}",023678
1400000010,190,593,264,150,"[2, 8, 12, 36, 150]","{4: 118, 8: 26, 136: 5, 20: 18, 70: 5, 30: 8, 214: 3, 48: 3, 264: 1, 254: 1, 1: 1, 3: 1}",023678
1400001000,190,138,572,1296,"[6, 282, 1296]","{40: 21, 2: 73, 4: 71, 56: 5, 262: 3, 28: 8, 140: 5, 572: 2, 1: 1, 19: 1}",023678
1400001010,190,634,470,1062,"[2, 6, 230, 1062]","{32: 21, 2: 73, 4: 71, 48: 5, 216: 3, 24: 8, 116: 5, 470: 2, 1: 1, 15: 1}",023678
1401000000,190,466,180,102,"[6, 12, 24, 102]","{4: 118, 8: 26, 92: 5, 12: 18, 46: 5, 18: 8, 146: 3, 32: 3, 180: 1, 174: 1, 1: 1, 5: 1}",023678
1401000010,190,962,180,102,"[2, 4, 8, 12, 24, 102]","{4: 118, 8: 26, 92: 5, 12: 18, 46: 5, 18: 8, 146: 3, 32: 3, 180: 1, 174: 1, 1: 1, 3: 1}",023678
1401001000,190,79,218,522,"[6, 36, 84, 180, 522]","{28: 21, 2: 73, 14: 18, 12: 29, 82: 5, 42: 11, 4: 16, 54: 3, 44: 5, 56: 5, 218: 2, 1: 1, 35: 1}",023678
1401001010,190,575,188,450,"[2, 6, 30, 72, 156, 450]","{24: 21, 2: 73, 12: 18, 10: 29, 70: 5, 36: 11, 4: 16, 46: 3, 38: 5, 48: 5, 188: 2, 1: 1, 29: 1}",023678
1410000000,190,34,342,174,"[12, 54, 174]","{4: 118, 8: 26, 182: 5, 36: 26, 94: 5, 284: 3, 80: 3, 342: 2, 1: 1, 5: 1}",023678
1410000010,190,530,288,150,"[2, 12, 44, 150]","{4: 118, 8: 26, 152: 5, 28: 18, 78: 5, 30: 8, 238: 3, 64: 3, 288: 1, 286: 1, 1: 1, 3: 1}",023678
1410001000,190,152,304,168,"[6, 66, 168]","{158: 5, 2: 73, 4: 71, 34: 26, 90: 5, 248: 3, 68: 3, 304: 2, 1: 1, 19: 1}",023678
1410001010,190,648,250,138,"[2, 6, 54, 138]","{130: 5, 2: 73, 4: 71, 28: 26, 74: 5, 204: 3, 56: 3, 250: 2, 1: 1, 15: 1}",023678
1411000000,190,403,222,102,"[6, 12, 36, 102]","{4: 118, 8: 26, 116: 5, 24: 18, 58: 5, 18: 8, 182: 3, 56: 3, 216: 1, 222: 1, 1: 1, 5: 1}",023678
1411000010,190,899,206,102,"[2, 4, 12, 32, 102]","{4: 118, 8: 26, 108: 5, 20: 18, 54: 5, 18: 8, 170: 3, 48: 3, 204: 1, 206: 1, 1: 1, 3: 1}",023678
1411001000,190,142,218,522,"[6, 12, 24, 84, 180, 522]","{28: 21, 2: 73, 14: 18, 12: 29, 82: 5, 42: 11, 4: 16, 54: 3, 44: 5, 56: 5, 218: 2, 1: 1, 23: 1}",023678
1411001010,190,638,188,450,"[2, 6, 10, 20, 72, 156, 450]","{24: 21, 2: 73, 12: 18, 10: 29, 70: 5, 36: 11, 4: 16, 46: 3, 38: 5, 48: 5, 188: 2, 1: 1, 19: 1}",023678
